RAL object	default-map offset
vendor_test_digest[0]	32'h90
vendor_test_digest[1]	32'h94
creator_sw_cfg_digest[0]	32'h98
creator_sw_cfg_digest[1]	32'h9c
owner_sw_cfg_digest[0]	32'ha0
owner_sw_cfg_digest[1]	32'ha4
rot_creator_auth_codesign_digest[0]	32'ha8
rot_creator_auth_codesign_digest[1]	32'hac
rot_creator_auth_state_digest[0]	32'hb0
rot_creator_auth_state_digest[1]	32'hb4
hw_cfg0_digest[0]	32'hb8
hw_cfg0_digest[1]	32'hbc
hw_cfg1_digest[0]	32'hc0
hw_cfg1_digest[1]	32'hc4
secret0_digest[0]	32'hc8
secret0_digest[1]	32'hcc
secret1_digest[0]	32'hd0
secret1_digest[1]	32'hd4
secret2_digest[0]	32'hd8
secret2_digest[1]	32'hdc
direct_access_rdata[0]	32'h5c
direct_access_rdata[1]	32'h60
status	32'h10
err_code[0]	32'h14
err_code[1]	32'h18
err_code[2]	32'h1c
err_code[3]	32'h20
err_code[4]	32'h24
err_code[5]	32'h28
err_code[6]	32'h2c
err_code[7]	32'h30
err_code[8]	32'h34
err_code[9]	32'h38
err_code[10]	32'h3c
err_code[11]	32'h40
err_code[12]	32'h44
